χ,lnz_trg,lnz_btrg,lnz_trgerror,lnz_btrgerror
8,0.3427617580163206,0.3281746782984269,0.019695791116320582,0.005108711398426891
16,0.32507616889851726,0.32264716270428845,0.002010201998517258,0.0004188041957115529
24,0.32518060645460906,0.3225927891375281,0.0021146395546090546,0.00047317776247191023
32,0.3214717537051787,0.32213439332337135,0.0015942131948212812,0.0009315735766286526
