χ,lnz_trg,lnz_btrg
8,0.3427617580163206,0.3281746782984269
16,0.32507616889851726,0.32264716270428845
24,0.32518060645460906,0.3225927891375281
32,0.3214717537051787,0.32213439332337135
